Station,Line Served
Acton Town,District Piccadilly
Aldgate,Circle Met
Aldgate East,District H&C
Alperton,Piccadilly
Amersham,Met
Angel,Northern
Archway,Northern
Arnos Grove,Piccadilly
Arsenal,Piccadilly
Baker Street,Met Bakerloo Circle Jubilee H&C
Balham,Northern
Bank,Central Northern W&C
Barbican,Met Circle H&C
Barking,District H&C
Barkingside,Central
Barons Court,District Piccadilly
Battersea Power Station,Northern
Bayswater,District Circle
Becontree,District
Belsize Park,Northern
Bermondsey,Jubilee
Bethnal Green,Central
Blackfriars,District Circle
Blackhorse Road,Victoria
Bond Street,Central Jubilee
Borough,Northern
Boston Manor,Piccadilly
Bounds Green,Piccadilly
Bow Road,District H&C
Brent Cross,Northern
Brixton,Victoria
Bromley-by-Bow,District H&C
Buckhurst Hill,Central
Burnt Oak,Northern
Caledonian Road,Piccadilly
Camden Town,Northern
Canada Water,Jubilee
Canary Wharf,Jubilee
Canning Town,Jubilee
Cannon Street,District Circle
Canons Park,Jubilee
Chalfont & Latimer,Met
Chalk Farm,Northern
Chancery Lane,Central
Charing Cross,Bakerloo Northern
Chesham,Met
Chigwell,Central
Chiswick Park,District
Chorleywood,Met
Clapham Common,Northern
Clapham North,Northern
Clapham South,Northern
Cockfosters,Piccadilly
Colindale,Northern
Colliers Wood,Northern
Covent Garden,Piccadilly
Croxley,Met
Dagenham East,District
Dagenham Heathway,District
Debden,Central
Dollis Hill,Jubilee
Ealing Broadway,District Central
Ealing Common,District Piccadilly
Earl's Court,District Piccadilly
East Acton,Central
East Finchley,Northern
East Ham,District H&C
East Putney,District
Eastcote,Met Piccadilly
Edgware,Northern
Edgware Road,Bakerloo
Edgware Road,H&C District Circle
Elephant & Castle,Northern Bakerloo
Elm Park,District
Embankment,District Bakerloo Northern Circle
Epping,Central
Euston,Northern Victoria
Euston Square,Met Circle H&C
Fairlop,Central
Farringdon,Met Circle H&C
Finchley Central,Northern
Finchley Road,Met Jubilee
Finsbury Park,Piccadilly Victoria
Fulham Broadway,District
Gants Hill,Central
Gloucester Road,District Piccadilly Circle
Golders Green,Northern
Goldhawk Road,H&C Circle
Goodge Street,Northern
Grange Hill,Central
Great Portland Street,Met Circle H&C
Greenford,Central
Green Park,Piccadilly Victoria Jubilee
Gunnersbury,District
Hainault,Central
Hammersmith,District Piccadilly
Hammersmith,H&C Circle
Hampstead,Northern
Hanger Lane,Central
Harlesden,Bakerloo
Harrow & Wealdstone,Bakerloo
Harrow-on-the-Hill,Met
Hatton Cross,Piccadilly
Heathrow Terminals 2 & 3,Piccadilly
Heathrow Terminal 4,Piccadilly
Heathrow Terminal 5,Piccadilly
Hendon Central,Northern
High Barnet,Northern
Highbury & Islington,Victoria
Highgate,Northern
High Street Kensington,District Circle
Hillingdon,Met Piccadilly
Holborn,Central Piccadilly
Holland Park,Central
Holloway Road,Piccadilly
Hornchurch,District
Hounslow Central,Piccadilly
Hounslow East,Piccadilly
Hounslow West,Piccadilly
Hyde Park Corner,Piccadilly
Ickenham,Met Piccadilly
Kennington,Northern
Kensal Green,Bakerloo
Kensington (Olympia),District
Kentish Town,Northern
Kenton,Bakerloo
Kew Gardens,District
Kilburn,Jubilee
Kilburn Park,Bakerloo
Kingsbury,Jubilee
King's Cross St Pancras,Met Northern Piccadilly Circle Victoria H&C
Knightsbridge,Piccadilly
Ladbroke Grove,H&C Circle
Lambeth North,Bakerloo
Lancaster Gate,Central
Latimer Road,H&C Circle
Leicester Square,Piccadilly Northern
Leyton,Central
Leytonstone,Central
Liverpool Street,Met Central Circle H&C
London Bridge,Northern Jubilee
Loughton,Central
Maida Vale,Bakerloo
Manor House,Piccadilly
Mansion House,District Circle
Marble Arch,Central
Marylebone,Bakerloo
Mile End,District H&C Central
Mill Hill East,Northern
Monument,District Circle
Moorgate,Met Northern Circle H&C
Moor Park,Met
Morden,Northern
Mornington Crescent,Northern
Neasden,Jubilee
Newbury Park,Central
Nine Elms,Northern
North Acton,Central
North Ealing,Piccadilly
North Greenwich,Jubilee
North Harrow,Met
North Wembley,Bakerloo
Northfields,Piccadilly
Northolt,Central
Northwick Park,Met
Northwood,Met
Northwood Hills,Met
Notting Hill Gate,District Central Circle
Oakwood,Piccadilly
Old Street,Northern
Osterley,Piccadilly
Oval,Northern
Oxford Circus,Central Bakerloo Victoria
Paddington,District Circle Bakerloo
Paddington,H&C Circle
Park Royal,Piccadilly
Parsons Green,District
Perivale,Central
Piccadilly Circus,Bakerloo Piccadilly
Pimlico,Victoria
Pinner,Met
Plaistow,District H&C
Preston Road,Met
Putney Bridge,District
Queen's Park,Bakerloo
Queensbury,Jubilee
Queensway,Central
Ravenscourt Park,District
Rayners Lane,Met Piccadilly
Redbridge,Central
Regent's Park,Bakerloo
Richmond,District
Rickmansworth,Met
Roding Valley,Central
Royal Oak,H&C Circle
Ruislip,Met Piccadilly
Ruislip Gardens,Central
Ruislip Manor,Met Piccadilly
Russell Square,Piccadilly
St James's Park,District Circle
St John's Wood,Jubilee
St Paul's,Central
Seven Sisters,Victoria
Shepherd's Bush,Central
Shepherd's Bush Market,H&C Circle
Sloane Square,District Circle
Snaresbrook,Central
South Ealing,Piccadilly
South Harrow,Piccadilly
South Kensington,District Piccadilly Circle
South Kenton,Bakerloo
South Ruislip,Central
South Wimbledon,Northern
South Woodford,Central
Southfields,District
Southgate,Piccadilly
Southwark,Jubilee
Stamford Brook,District
Stanmore,Jubilee
Stepney Green,District H&C
Stockwell,Northern Victoria
Stonebridge Park,Bakerloo
Stratford,Central Jubilee
Sudbury Hill,Piccadilly
Sudbury Town,Piccadilly
Swiss Cottage,Jubilee
Temple,District Circle
Theydon Bois,Central
Tooting Bec,Northern
Tooting Broadway,Northern
Tottenham Court Road,Central Northern
Tottenham Hale,Victoria
Totteridge & Whetstone,Northern
Tower Hill,District Circle
Tufnell Park,Northern
Turnham Green,District Piccadilly
Turnpike Lane,Piccadilly
Upminster,District
Upminster Bridge,District
Upney,District
Upton Park,District H&C
Uxbridge,Met Piccadilly
Vauxhall,Victoria
Victoria,District Circle Victoria
Walthamstow Central,Victoria
Wanstead,Central
Warren Street,Northern Victoria
Warwick Avenue,Bakerloo
Waterloo,Bakerloo Northern Jubilee W&C
Watford,Met
Wembley Central,Bakerloo
Wembley Park,Met Jubilee
West Acton,Central
West Brompton,District
West Finchley,Northern
West Ham,District H&C Jubilee
West Hampstead,Jubilee
West Harrow,Met
West Kensington,District
West Ruislip,Central
Westbourne Park,H&C Circle
Westminster,District Circle Jubilee
White City,Central
Whitechapel,District H&C
Willesden Green,Jubilee
Willesden Junction,Bakerloo
Wimbledon,District
Wimbledon Park,District
Wood Green,Piccadilly
Wood Lane,H&C Circle
Woodford,Central
Woodside Park,Northern